{
  "0": [
    "3andi fibre",
    "la fibre",
    "fibre optique",
    "fibre optic",
    "3andi fibre optique",
    "wifi la",
    "250 dh",
    "3andi fibre optique inwi",
    "adsl inwi",
    "download games"
  ],
  "1": [
    "social media",
    "trust bro",
    "",
    "",
    "",
    "",
    "",
    "",
    "",
    ""
  ],
  "2": [
    "internet speeds",
    "internet morocco",
    "maroc telecom",
    "200 mbps",
    "prices high",
    "100 mbps",
    "outside morocco",
    "live abroad",
    "good internet",
    "100 mb"
  ],
  "3": [
    "100 mb",
    "mb mb",
    "download speed",
    "dont know",
    "real world",
    "speed test",
    "internet speed",
    "don know",
    "data transfer",
    "best case"
  ],
  "4": [
    "1gb think",
    "750 mbps",
    "4g speeds",
    "actually measure",
    "actually measure real",
    "actually measure real world performance",
    "actually measure real world",
    "change speed",
    "downloading actually",
    "apparently router"
  ],
  "5": [
    "orange inwi",
    "dh month",
    "150 dh",
    "inwi orange",
    "good day",
    "20 mega",
    "et je",
    "inwi good",
    "inwi fiber",
    "id recommend"
  ],
  "6": [
    "upload speed",
    "fiber optic",
    "4mb adsl",
    "optic fiber",
    "adsl anymore",
    "4g boxes",
    "adsl fiber",
    "20 mbps",
    "4g internet",
    "1mbps upload"
  ],
  "7": [
    "new offers",
    "just start",
    "just start paying",
    "world cup",
    "world does",
    "just like",
    "confirmed information",
    "dont worry",
    "start paying",
    ""
  ],
  "8": [
    "ill consider",
    "sharing info",
    "okay thank",
    "happy help",
    "thanks sharing",
    "thanks info",
    "good luck",
    "",
    "",
    ""
  ],
  "9": [
    "does mean",
    "countries better",
    "high compared",
    "good thing",
    "gonna change",
    "prices high compared",
    "overpriced af",
    "pretty good",
    "thats expensive",
    "lower prices"
  ],
  "10": [
    "pay 500dh",
    "speed change",
    "100 mbps",
    "10 gb",
    "100mbps download",
    "200mb instead",
    "debit gonna",
    "20 mb",
    "200mb instead 100mb",
    "5dh month"
  ],
  "11": [
    "inwi inwi",
    "inwi better",
    "good inwi",
    "inwi maroc",
    "cest le",
    "think inwi",
    "maybe stopped",
    "maroc telecom orange",
    "lot money",
    "know prices"
  ],
  "12": [
    "customer service",
    "using months",
    "yoxo orange",
    "changed orange",
    "199 dhs",
    "12 mb",
    "working fine",
    "company provides",
    "dont recommend",
    "faced problems"
  ],
  "13": [
    "100mb ima",
    "did change",
    "change 200mb",
    "200mb 100mb",
    "ima did",
    "200mb official",
    "500 500",
    "500 250",
    "did turn 200mb",
    "change 100mb"
  ],
  "14": [
    "sim card",
    "inwi sim card",
    "sms code",
    "dirham recharge",
    "inwi sim",
    "dont care",
    "orange maroc",
    "use google",
    "4g internet",
    "10 seconds"
  ],
  "15": [
    "inwi inwi",
    "",
    "",
    "",
    "",
    "",
    "",
    "",
    "",
    ""
  ],
  "16": [
    "dont know",
    "inwi sim card",
    "sim card",
    "inwi sim",
    "service provider",
    "just got",
    "10gb data",
    "kind service",
    "service providers",
    "think better"
  ],
  "17": [
    "",
    "",
    "",
    "",
    "",
    "",
    "",
    "",
    "",
    ""
  ],
  "18": [
    "yes did",
    "yes exactly",
    "",
    "",
    "",
    "",
    "",
    "",
    "",
    ""
  ],
  "19": [
    "arch btw",
    "use arch btw",
    "use arch",
    "btw use",
    "",
    "",
    "",
    "",
    "",
    ""
  ],
  "20": [
    "like months",
    "iam worse",
    "really good",
    "pour les",
    "tried orange",
    "months ago",
    "dar box",
    "orange dar",
    "think orange",
    "orange dar box"
  ],
  "21": [
    "contract long",
    "abonnement inwi",
    "couple months",
    "fuck translate",
    "god damn",
    "just make sure",
    "just make",
    "let use",
    "good till",
    "inwi idk"
  ],
  "22": [
    "use iam",
    "inwi iam",
    "iam inwi iam",
    "cheaper iam",
    "working orange",
    "iam worse",
    "prices iam",
    "said pay",
    "iam better",
    "sure hope"
  ],
  "23": [
    "win inwi",
    "inwi esim",
    "drt abonnement",
    "reviews win",
    "inwi working",
    "wanna know",
    "maroc telecom inwi",
    "telecom inwi",
    "thats win",
    "tried using"
  ],
  "24": [
    "",
    "",
    "",
    "",
    "",
    "",
    "",
    "",
    "",
    ""
  ],
  "25": [
    "maroc telecom",
    "fiber optic",
    "orange fiber",
    "best coverage",
    "does mean",
    "fiber optic good",
    "couple months",
    "changed orange",
    "share fiber",
    "optic good"
  ],
  "26": [
    "",
    "",
    "",
    "",
    "",
    "",
    "",
    "",
    "",
    ""
  ],
  "27": [
    "",
    "",
    "",
    "",
    "",
    "",
    "",
    "",
    "",
    ""
  ]
}