[
  {
    "post_id": 45,
    "comment_count": 188
  },
  {
    "post_id": 99,
    "comment_count": 161
  },
  {
    "post_id": 96,
    "comment_count": 141
  },
  {
    "post_id": 93,
    "comment_count": 108
  },
  {
    "post_id": 1,
    "comment_count": 101
  },
  {
    "post_id": 97,
    "comment_count": 61
  },
  {
    "post_id": 95,
    "comment_count": 59
  },
  {
    "post_id": 94,
    "comment_count": 57
  },
  {
    "post_id": 98,
    "comment_count": 55
  },
  {
    "post_id": 2,
    "comment_count": 39
  },
  {
    "post_id": 6,
    "comment_count": 37
  },
  {
    "post_id": 3,
    "comment_count": 33
  },
  {
    "post_id": 4,
    "comment_count": 30
  },
  {
    "post_id": 5,
    "comment_count": 20
  },
  {
    "post_id": 13,
    "comment_count": 16
  },
  {
    "post_id": 46,
    "comment_count": 15
  },
  {
    "post_id": 29,
    "comment_count": 15
  },
  {
    "post_id": 35,
    "comment_count": 14
  },
  {
    "post_id": 66,
    "comment_count": 14
  },
  {
    "post_id": 9,
    "comment_count": 12
  },
  {
    "post_id": 12,
    "comment_count": 12
  },
  {
    "post_id": 34,
    "comment_count": 10
  },
  {
    "post_id": 70,
    "comment_count": 9
  },
  {
    "post_id": 55,
    "comment_count": 9
  },
  {
    "post_id": 7,
    "comment_count": 9
  },
  {
    "post_id": 22,
    "comment_count": 8
  },
  {
    "post_id": 8,
    "comment_count": 8
  },
  {
    "post_id": 69,
    "comment_count": 7
  },
  {
    "post_id": 11,
    "comment_count": 6
  },
  {
    "post_id": 33,
    "comment_count": 6
  },
  {
    "post_id": 44,
    "comment_count": 6
  },
  {
    "post_id": 39,
    "comment_count": 6
  },
  {
    "post_id": 40,
    "comment_count": 5
  },
  {
    "post_id": 80,
    "comment_count": 5
  },
  {
    "post_id": 10,
    "comment_count": 5
  },
  {
    "post_id": 20,
    "comment_count": 4
  },
  {
    "post_id": 71,
    "comment_count": 4
  },
  {
    "post_id": 75,
    "comment_count": 3
  },
  {
    "post_id": 63,
    "comment_count": 3
  },
  {
    "post_id": 15,
    "comment_count": 3
  },
  {
    "post_id": 81,
    "comment_count": 3
  },
  {
    "post_id": 24,
    "comment_count": 2
  },
  {
    "post_id": 27,
    "comment_count": 2
  },
  {
    "post_id": 26,
    "comment_count": 2
  },
  {
    "post_id": 65,
    "comment_count": 2
  },
  {
    "post_id": 37,
    "comment_count": 2
  },
  {
    "post_id": 16,
    "comment_count": 1
  },
  {
    "post_id": 0,
    "comment_count": 1
  },
  {
    "post_id": 64,
    "comment_count": 1
  },
  {
    "post_id": 28,
    "comment_count": 1
  },
  {
    "post_id": 32,
    "comment_count": 0
  },
  {
    "post_id": 31,
    "comment_count": 0
  },
  {
    "post_id": 30,
    "comment_count": 0
  },
  {
    "post_id": 41,
    "comment_count": 0
  },
  {
    "post_id": 14,
    "comment_count": 0
  },
  {
    "post_id": 21,
    "comment_count": 0
  },
  {
    "post_id": 18,
    "comment_count": 0
  },
  {
    "post_id": 17,
    "comment_count": 0
  },
  {
    "post_id": 25,
    "comment_count": 0
  },
  {
    "post_id": 19,
    "comment_count": 0
  },
  {
    "post_id": 23,
    "comment_count": 0
  },
  {
    "post_id": 36,
    "comment_count": 0
  },
  {
    "post_id": 42,
    "comment_count": 0
  },
  {
    "post_id": 43,
    "comment_count": 0
  },
  {
    "post_id": 38,
    "comment_count": 0
  },
  {
    "post_id": 59,
    "comment_count": 0
  },
  {
    "post_id": 57,
    "comment_count": 0
  },
  {
    "post_id": 56,
    "comment_count": 0
  },
  {
    "post_id": 54,
    "comment_count": 0
  },
  {
    "post_id": 58,
    "comment_count": 0
  },
  {
    "post_id": 61,
    "comment_count": 0
  },
  {
    "post_id": 60,
    "comment_count": 0
  },
  {
    "post_id": 48,
    "comment_count": 0
  },
  {
    "post_id": 47,
    "comment_count": 0
  },
  {
    "post_id": 50,
    "comment_count": 0
  },
  {
    "post_id": 51,
    "comment_count": 0
  },
  {
    "post_id": 52,
    "comment_count": 0
  },
  {
    "post_id": 49,
    "comment_count": 0
  },
  {
    "post_id": 77,
    "comment_count": 0
  },
  {
    "post_id": 76,
    "comment_count": 0
  },
  {
    "post_id": 74,
    "comment_count": 0
  },
  {
    "post_id": 73,
    "comment_count": 0
  },
  {
    "post_id": 72,
    "comment_count": 0
  },
  {
    "post_id": 62,
    "comment_count": 0
  },
  {
    "post_id": 67,
    "comment_count": 0
  },
  {
    "post_id": 68,
    "comment_count": 0
  },
  {
    "post_id": 53,
    "comment_count": 0
  },
  {
    "post_id": 86,
    "comment_count": 0
  },
  {
    "post_id": 85,
    "comment_count": 0
  },
  {
    "post_id": 79,
    "comment_count": 0
  },
  {
    "post_id": 82,
    "comment_count": 0
  },
  {
    "post_id": 83,
    "comment_count": 0
  },
  {
    "post_id": 84,
    "comment_count": 0
  },
  {
    "post_id": 78,
    "comment_count": 0
  },
  {
    "post_id": 92,
    "comment_count": 0
  },
  {
    "post_id": 91,
    "comment_count": 0
  },
  {
    "post_id": 90,
    "comment_count": 0
  },
  {
    "post_id": 89,
    "comment_count": 0
  },
  {
    "post_id": 87,
    "comment_count": 0
  },
  {
    "post_id": 88,
    "comment_count": 0
  },
  {
    "post_id": 100,
    "comment_count": 0
  },
  {
    "post_id": 101,
    "comment_count": 0
  },
  {
    "post_id": 102,
    "comment_count": 0
  },
  {
    "post_id": 103,
    "comment_count": 0
  },
  {
    "post_id": 104,
    "comment_count": 0
  },
  {
    "post_id": 105,
    "comment_count": 0
  },
  {
    "post_id": 106,
    "comment_count": 0
  },
  {
    "post_id": 107,
    "comment_count": 0
  },
  {
    "post_id": 108,
    "comment_count": 0
  },
  {
    "post_id": 109,
    "comment_count": 0
  }
]