[
  {
    "topic": "3andi fibre & la fibre & fibre optique",
    "count": 197
  },
  {
    "topic": "social media & trust bro & ",
    "count": 107
  },
  {
    "topic": "internet speeds & internet morocco & maroc telecom",
    "count": 93
  },
  {
    "topic": "100 mb & mb mb & download speed",
    "count": 80
  },
  {
    "topic": "1gb think & 750 mbps & 4g speeds",
    "count": 55
  },
  {
    "topic": "orange inwi & dh month & 150 dh",
    "count": 52
  },
  {
    "topic": "upload speed & fiber optic & 4mb adsl",
    "count": 48
  },
  {
    "topic": "new offers & just start & just start paying",
    "count": 36
  },
  {
    "topic": "ill consider & sharing info & okay thank",
    "count": 36
  },
  {
    "topic": "does mean & countries better & high compared",
    "count": 36
  },
  {
    "topic": "pay 500dh & speed change & 100 mbps",
    "count": 35
  },
  {
    "topic": "inwi inwi & inwi better & good inwi",
    "count": 30
  },
  {
    "topic": "customer service & using months & yoxo orange",
    "count": 25
  },
  {
    "topic": "100mb ima & did change & change 200mb",
    "count": 25
  },
  {
    "topic": "sim card & inwi sim card & sms code",
    "count": 23
  },
  {
    "topic": "inwi inwi &  & ",
    "count": 22
  },
  {
    "topic": "dont know & inwi sim card & sim card",
    "count": 20
  },
  {
    "topic": " &  & ",
    "count": 20
  },
  {
    "topic": "yes did & yes exactly & ",
    "count": 20
  },
  {
    "topic": "arch btw & use arch btw & use arch",
    "count": 20
  },
  {
    "topic": "like months & iam worse & really good",
    "count": 20
  },
  {
    "topic": "contract long & abonnement inwi & couple months",
    "count": 19
  },
  {
    "topic": "use iam & inwi iam & iam inwi iam",
    "count": 18
  },
  {
    "topic": "win inwi & inwi esim & drt abonnement",
    "count": 18
  },
  {
    "topic": " &  & ",
    "count": 17
  },
  {
    "topic": "maroc telecom & fiber optic & orange fiber",
    "count": 17
  },
  {
    "topic": " &  & ",
    "count": 14
  },
  {
    "topic": " &  & ",
    "count": 11
  }
]