[
  {
    "word": "inwi",
    "frequency": 59
  },
  {
    "word": "adsl",
    "frequency": 37
  },
  {
    "word": "maroc telecom",
    "frequency": 34
  },
  {
    "word": "fibre",
    "frequency": 32
  },
  {
    "word": "morocco",
    "frequency": 31
  },
  {
    "word": "orange",
    "frequency": 31
  },
  {
    "word": "telecom",
    "frequency": 26
  },
  {
    "word": "prices",
    "frequency": 24
  },
  {
    "word": "wifi",
    "frequency": 21
  },
  {
    "word": "internet",
    "frequency": 19
  },
  {
    "word": "4g",
    "frequency": 18
  },
  {
    "word": "fiber",
    "frequency": 16
  },
  {
    "word": "mbps",
    "frequency": 15
  },
  {
    "word": "pdf",
    "frequency": 15
  },
  {
    "word": "word",
    "frequency": 14
  },
  {
    "word": "mb",
    "frequency": 12
  },
  {
    "word": "fibre optique",
    "frequency": 12
  },
  {
    "word": "sim card",
    "frequency": 12
  },
  {
    "word": "deleted",
    "frequency": 12
  },
  {
    "word": "pdf word",
    "frequency": 12
  },
  {
    "word": "word inwi",
    "frequency": 12
  },
  {
    "word": "win inwi",
    "frequency": 11
  },
  {
    "word": "download speed",
    "frequency": 11
  },
  {
    "word": "speed",
    "frequency": 11
  },
  {
    "word": "isps",
    "frequency": 10
  },
  {
    "word": "internet speed",
    "frequency": 10
  },
  {
    "word": "100mb",
    "frequency": 10
  },
  {
    "word": "thank",
    "frequency": 10
  },
  {
    "word": "sim",
    "frequency": 10
  },
  {
    "word": "200mb",
    "frequency": 10
  },
  {
    "word": "200mbps",
    "frequency": 10
  },
  {
    "word": "bandwidth",
    "frequency": 9
  },
  {
    "word": "bro",
    "frequency": 9
  },
  {
    "word": "fiber optic",
    "frequency": 9
  },
  {
    "word": "scam",
    "frequency": 9
  },
  {
    "word": "1gb",
    "frequency": 9
  },
  {
    "word": "100mbps",
    "frequency": 9
  },
  {
    "word": "thanks",
    "frequency": 9
  },
  {
    "word": "iam",
    "frequency": 9
  },
  {
    "word": "20mb",
    "frequency": 9
  },
  {
    "word": "router",
    "frequency": 9
  },
  {
    "word": "3andi fibre",
    "frequency": 9
  },
  {
    "word": "yes",
    "frequency": 8
  },
  {
    "word": "isp",
    "frequency": 8
  },
  {
    "word": "expensive",
    "frequency": 8
  },
  {
    "word": "removed",
    "frequency": 8
  },
  {
    "word": "nouvelles offres",
    "frequency": 8
  },
  {
    "word": "emploi chez",
    "frequency": 8
  },
  {
    "word": "offres emploi",
    "frequency": 8
  },
  {
    "word": "inwi orange",
    "frequency": 7
  },
  {
    "word": "good",
    "frequency": 7
  },
  {
    "word": "better",
    "frequency": 7
  },
  {
    "word": "inwi sim",
    "frequency": 7
  },
  {
    "word": "inwi adsl",
    "frequency": 7
  },
  {
    "word": "maroc",
    "frequency": 7
  },
  {
    "word": "nouvelles",
    "frequency": 7
  },
  {
    "word": "arch",
    "frequency": 7
  },
  {
    "word": "mb mb",
    "frequency": 6
  },
  {
    "word": "debit",
    "frequency": 6
  },
  {
    "word": "20mbps",
    "frequency": 6
  },
  {
    "word": "number",
    "frequency": 6
  },
  {
    "word": "100 mbps",
    "frequency": 6
  },
  {
    "word": "source",
    "frequency": 6
  },
  {
    "word": "50mb",
    "frequency": 6
  },
  {
    "word": "anrt",
    "frequency": 6
  },
  {
    "word": "orange inwi",
    "frequency": 6
  },
  {
    "word": "ok",
    "frequency": 6
  },
  {
    "word": "100mb ima",
    "frequency": 6
  },
  {
    "word": "la fibre",
    "frequency": 6
  },
  {
    "word": "starlink",
    "frequency": 6
  },
  {
    "word": "think",
    "frequency": 5
  },
  {
    "word": "use",
    "frequency": 5
  },
  {
    "word": "50mbps",
    "frequency": 5
  },
  {
    "word": "provider",
    "frequency": 5
  },
  {
    "word": "200 mbps",
    "frequency": 5
  },
  {
    "word": "rumors",
    "frequency": 5
  },
  {
    "word": "latency",
    "frequency": 5
  },
  {
    "word": "speed test",
    "frequency": 5
  },
  {
    "word": "using",
    "frequency": 5
  },
  {
    "word": "whatsapp",
    "frequency": 5
  },
  {
    "word": "customer service",
    "frequency": 5
  },
  {
    "word": "months",
    "frequency": 5
  },
  {
    "word": "contract",
    "frequency": 5
  },
  {
    "word": "dans plusieurs",
    "frequency": 5
  },
  {
    "word": "optic",
    "frequency": 5
  },
  {
    "word": "unlimited",
    "frequency": 5
  },
  {
    "word": "pay",
    "frequency": 5
  },
  {
    "word": "lol",
    "frequency": 5
  },
  {
    "word": "change 200mb",
    "frequency": 5
  },
  {
    "word": "overpriced",
    "frequency": 5
  },
  {
    "word": "linux",
    "frequency": 5
  },
  {
    "word": "marrakesh",
    "frequency": 5
  },
  {
    "word": "internet speeds",
    "frequency": 4
  },
  {
    "word": "don",
    "frequency": 4
  },
  {
    "word": "100 mb",
    "frequency": 4
  },
  {
    "word": "like",
    "frequency": 4
  },
  {
    "word": "service",
    "frequency": 4
  },
  {
    "word": "way",
    "frequency": 4
  },
  {
    "word": "orange fiber",
    "frequency": 4
  },
  {
    "word": "just",
    "frequency": 4
  }
]